Produkt;Opakowanie;Kolor
P1;Szk這;bia造
P2;Szk這;bia造
P3;Szk這;bia造
P4;Szk這;bia造
P5;Szk這;鄴速y
P6;Plastik;鄴速y
P7;Plastik;鄴速y
P8;Szk這;鄴速y
P9;Szk這;鄴速y
P10;Szk這;bia造
P11;Szk這;bia造
P12;Szk這;bia造
P13;Szk這;bia造
P14;Szk這;bia造
P15;Szk這;bia造
P16;Szk這;zielony
P17;Plastik;zielony
P18;Szk這;zielony
P19;Szk這;zielony
P20;Plastik;zielony
P21;Szk這;zielony
P22;Plastik;bia造
P23;Szk這;bia造
P24;Szk這;bia造
P25;Szk這;bia造
P26;Plastik;bia造
P27;Plastik;bia造
P28;Plastik;bia造
P29;Plastik;bia造
P30;Plastik;bia造
